NAME,ADDRESS,CITY,PROV,POSTAL
TIM HORTONS,579 CARLTON ST,ST. CATHARINES,ON,L2M4Y1
TIM HORTONS,400 SCOTT ST,ST. CATHARINES,ON,L2M3W4
TIM HORTONS,211 LOUTH ST,ST CATHARINES,ON,L2S4B8
TIM HORTONS,177 QUEENSTON ST,ST CATHARINES,ON,L2R3A3
STARBUCKS,284 GENEVA ST,ST. CATHARINES,ON,L2N2E8
TIM HORTONS,70 JAMES ST,ST. CATHARINES,ON,L2R5C1
TIM HORTONS,275 GENEVA ST,ST. CATHARINES,ON,L2N2E9
TIM HORTONS,460 ST DAVIDS RD,ST. CATHARINES,ON,L2T4E6
STARBUCKS,306 LAKE ST,ST. CATHARINES,ON,L2N4H2
TIM HORTONS,353 LAKE ST,ST. CATHARINES,ON,L2N7G4
TIM HORTONS,145 HARTZEL RD,ST. CATHARINES,ON,L2P1N6
TIM HORTONS,498 ONTARIO ST,ST CATHARINES,ON,L2N4N1
TIM HORTONS,33 LAKESHORE RD,ST. CATHARINES,ON,L2N7B3
STARBUCKS,387 SCOTT ST,ST. CATHARINES,ON,L2M3W2
TIM HORTONS,212 WELLAND AVE,ST CATHARINES,ON,L2R2P3
STARBUCKS,420 VANSICKLE RD,ST CATHARINES,ON,L2R6P9
STARBUCKS,3430 GLENDALE AVE,ST CATHERINES,ON,
STARBUCKS,261 MARTINDALE RD,ST CATHARINES,ON,L2W1A2
TIM HORTONS,500 GLENRIDGE AVE,ST CATHARINES,ON,L2S3A1
TIM HORTONS,221 GLENDALE AVE,ST CATHARINES,ON,L2T2K9
TIM HORTONS,209 GLENRIDGE AVE,ST CATHARINES,ON,L2T 3J6
TIM HORTONS,2 TREMONT DR,ST CATHARINES,ON,L2T 3B2
STARBUCKS,221 GLENDALE AVE,ST CATHARINES,ON,
