<?xml version="1.0"?>
<!--<!DOCTYPE metadata SYSTEM "http://www.esri.com/metadata/esriprof80.dtd">-->
<metadata xml:lang="en"><Esri><CreaDate>20181102</CreaDate><CreaTime>10043100</CreaTime><SyncOnce>FALSE</SyncOnce><SyncDate>20111125</SyncDate><SyncTime>12350100</SyncTime><ModDate>20111125</ModDate><ModTime>12350100</ModTime><ArcGISFormat>1.0</ArcGISFormat><ArcGISstyle>North American Profile of ISO19115 2003</ArcGISstyle></Esri><idinfo><native Sync="TRUE"> Version 6.1 (Build 7600) ; ESRI ArcCatalog 9.2.6.1500</native><descript><langdata Sync="FALSE" value="en">en</langdata><abstract>The Neighbourhood Boundary File (NBH) represents neighbourhood boundaries within Canadian communities.  Neighbourhoods are a geographically localized area within a larger city, town or suburb. Neighbourhoods are often social communities with considerable face-to-face interaction among members. Neighbourhoods can be used to refer to the small group of houses with similar housing types and market values. Neighbourhoods can also describe an area surrounding a local institution patronized by residents, such as a church, school, or social agency. The concept of neighborhood includes both geographic (place-oriented) and social (people-oriented) components.</abstract><purpose>To provide a current representation of Canadian neighbourhood boundaries.</purpose><supplinf>Neighbourhood boundaries data accuracy range from digitized municipal sourced neighbourhood boundaries.  Digitized neighbourhood boundaries created based on text descriptions will also be used.</supplinf></descript><citation><citeinfo><origin>DMTI Spatial Inc</origin><pubdate>20100515</pubdate><title Sync="FALSE">Neighbourhood Boundaries</title><ftname Sync="FALSE">Neighbourhood Boundaries</ftname><geoform Sync="TRUE">vector digital data</geoform><onlink>Please enter file location path here.</onlink><onlink Sync="FALSE"></onlink></citeinfo></citation><timeperd><current>publication date</current><timeinfo><rngdates><begdate>20100515</begdate><enddate>20101115</enddate></rngdates></timeinfo></timeperd><status><progress>Complete</progress><update>Biannually</update></status><spdom><bounding><westbc Sync="TRUE">-135.239592</westbc><eastbc Sync="TRUE">-52.619358</eastbc><northbc Sync="TRUE">62.541252</northbc><southbc Sync="TRUE">42.233569</southbc></bounding><lboundng><leftbc Sync="TRUE">-135.239592</leftbc><rightbc Sync="TRUE">-52.619358</rightbc><bottombc Sync="TRUE">42.233569</bottombc><topbc Sync="TRUE">62.541252</topbc></lboundng></spdom><keywords><theme><themekt>NA</themekt><themekey>Keywords:</themekey><themekey>Neighbourhoods</themekey><themekey> Communities</themekey><themekey> Local Differences</themekey><themekey> Municipalities</themekey><themekey> Geographic Areas</themekey><themekey> Geographic Names</themekey><themekey> Canada</themekey></theme></keywords><accconst>REQUIRED: Restrictions and legal prerequisites for accessing the data set.</accconst><useconst>REQUIRED: Restrictions and legal prerequisites for using the data set after access is granted.</useconst><natvform Sync="TRUE">Shapefile</natvform><ptcontac><cntinfo><cntorgp><cntper>Rick Andrews</cntper><cntorg>DMTI Spatial Inc</cntorg></cntorgp><cntaddr><addrtype>mailing and physical address</addrtype><city>Markham</city><state>Ontario</state><postal>L3R 5B4</postal><address>15 Allstate Parkway</address><country>Canada</country></cntaddr><cntvoice>1-877-477-3684</cntvoice><cntpos>Manager</cntpos><cntfax>1-905-948-9404</cntfax><cntemail>randrews@dmtispatial.com</cntemail></cntinfo></ptcontac></idinfo><dataIdInfo><envirDesc Sync="TRUE"> Version 6.1 (Build 7600) ; ESRI ArcCatalog 9.2.6.1500</envirDesc><dataLang><languageCode Sync="FALSE" value="en"></languageCode></dataLang><idCitation><resTitle Sync="FALSE">Neighbourhood Boundaries</resTitle><presForm><PresFormCd Sync="FALSE" value="005"></PresFormCd></presForm><Title>Neighbourhood Boundaries</Title><resRefDate><refDate>20080930</refDate><refDateType><DateTypCd value="001"></DateTypCd></refDateType></resRefDate><resRefDate><refDate>20100515</refDate><refDateType><DateTypCd value="003"></DateTypCd></refDateType></resRefDate><resRefDate><refDate>20100515</refDate><refDateType><DateTypCd value="002"></DateTypCd></refDateType></resRefDate><resEdDate>20100515</resEdDate><resEd>v2010.2</resEd></idCitation><spatRpType><SpatRepTypCd Sync="TRUE" value="001"></SpatRepTypCd></spatRpType><dataExt><geoEle><GeoBndBox esriExtentType="native"><westBL Sync="TRUE">-135.239592</westBL><eastBL Sync="TRUE">-52.619358</eastBL><northBL Sync="TRUE">62.541252</northBL><southBL Sync="TRUE">42.233569</southBL><exTypeCode Sync="TRUE">1</exTypeCode></GeoBndBox></geoEle><tempEle><TempExtent><exTemp><TM_GeometricPrimitive><TM_Period><begin>20100515</begin><end>20101115</end></TM_Period></TM_GeometricPrimitive></exTemp></TempExtent></tempEle></dataExt><geoBox esriExtentType="decdegrees"><westBL Sync="TRUE">-135.239592</westBL><eastBL Sync="TRUE">-52.619358</eastBL><northBL Sync="TRUE">62.541252</northBL><southBL Sync="TRUE">42.233569</southBL><exTypeCode Sync="TRUE">1</exTypeCode></geoBox><idAbs>The Neighbourhood Boundary File (NBH) represents neighbourhood boundaries within Canadian communities.  Neighbourhoods are a geographically localized area within a larger city, town or suburb. Neighbourhoods are often social communities with considerable face-to-face interaction among members. Neighbourhoods can be used to refer to the small group of houses with similar housing types and market values. Neighbourhoods can also describe an area surrounding a local institution patronized by residents, such as a church, school, or social agency. The concept of neighborhood includes both geographic (place-oriented) and social (people-oriented) components.</idAbs><descKeys KeyTypCd="005"><keyTyp><KeyTypCd value="005"></KeyTypCd></keyTyp><keyword>Neighbourhoods</keyword><keyword> Communities</keyword><keyword> Local Differences</keyword><keyword> Municipalities</keyword><keyword> Geographic Areas</keyword><keyword> Geographic Names</keyword><keyword> Canada</keyword><thesaName><resTitle>NA</resTitle></thesaName></descKeys><tpCat><TopicCatCd value="016"></TopicCatCd></tpCat><dataScale><equScale><rfDenom>1000/50000</rfDenom></equScale></dataScale><resMaint><maintFreq><MaintFreqCd value="007"></MaintFreqCd></maintFreq><dateNext>20101115</dateNext></resMaint><resConst><Consts><useLimit>As Per End User License Agreement</useLimit></Consts></resConst></dataIdInfo><metainfo><langmeta Sync="FALSE" value="en">en</langmeta><metstdn Sync="TRUE">FGDC Content Standards for Digital Geospatial Metadata</metstdn><metstdv Sync="TRUE">FGDC-STD-001-1998</metstdv><mettc Sync="TRUE">local time</mettc><metc><cntinfo><cntorgp><cntper>Rick Andrews</cntper><cntorg>DMTI Spatial Inc</cntorg></cntorgp><cntaddr><addrtype>mailing address</addrtype><city>Markham</city><state>Ontario</state><postal>L3R 5B4</postal><address>15 Allstate Parkway</address><country>Canada</country></cntaddr><cntvoice>1-877-477-3684</cntvoice><cntpos>Manager</cntpos><cntfax>1-905-948-9404</cntfax><cntemail>randrews@dmtispatial.com</cntemail></cntinfo></metc><metd Sync="TRUE">20111125</metd><metextns><onlink Sync="TRUE">http://www.esri.com/metadata/esriprof80.html</onlink><metprof Sync="TRUE">ESRI Metadata Profile</metprof></metextns></metainfo><mdLang><languageCode Sync="FALSE" value="en"></languageCode></mdLang><mdStanName Sync="TRUE">ISO 19115 Geographic Information - Metadata</mdStanName><mdStanVer Sync="TRUE">DIS_ESRI1.0</mdStanVer><mdChar><CharSetCd Sync="TRUE" value="004"></CharSetCd></mdChar><mdHrLv><ScopeCd Sync="TRUE" value="005"></ScopeCd></mdHrLv><mdHrLvName Sync="TRUE">dataset</mdHrLvName><distinfo><resdesc Sync="TRUE">Downloadable Data</resdesc><stdorder><digform><digtinfo><transize Sync="TRUE">13.490</transize><dssize Sync="TRUE">13.490</dssize></digtinfo></digform></stdorder></distinfo><distInfo><distributor><distorTran><onLineSrc><orDesc Sync="FALSE"></orDesc><linkage Sync="FALSE">Please enter file location path here.</linkage><protocol Sync="FALSE"></protocol></onLineSrc><transSize Sync="TRUE">13.490</transSize></distorTran><distorFormat><formatName Sync="TRUE">Shapefile</formatName></distorFormat><distorCont><rpIndName>Account Manager</rpIndName><rpOrgName>DMTI Spatial Inc.</rpOrgName><rpPosName>Sales Account Manager</rpPosName><rpCntInfo><cntAddress><delPoint>15 Allstate Parkway</delPoint><city>Markham</city><adminArea>Ontario</adminArea><postCode>L3R 5B4</postCode><eMailAdd>info@dmtispatial.com</eMailAdd><country>ca</country></cntAddress><cntPhone><rptInfo><voiceNum>1-877-477-3684</voiceNum><faxNum>1-905-948-9404</faxNum></rptInfo><voiceNum>1-877-477-3684</voiceNum><faxNum>1-905-948-9404</faxNum></cntPhone></rpCntInfo><role><RoleCd value="001"></RoleCd></role></distorCont><distorordPrc><ordTurn>Off the shelf CanMap® products are shipped in 3-5 business days Custom CanMap products are fulfilled in 7-10 business days</ordTurn></distorordPrc></distributor></distInfo><spdoinfo><direct Sync="TRUE">Vector</direct><ptvctinf><esriterm Name="CANnbh"><efeatyp Sync="TRUE">Simple</efeatyp><efeageom Sync="TRUE">Polygon</efeageom><esritopo Sync="TRUE">FALSE</esritopo><efeacnt Sync="TRUE">4181</efeacnt><spindex Sync="TRUE">TRUE</spindex><linrefer Sync="TRUE">FALSE</linrefer></esriterm><sdtsterm Name="CANnbh"><sdtstype Sync="TRUE">G-polygon</sdtstype><ptvctcnt Sync="TRUE">4181</ptvctcnt></sdtsterm></ptvctinf></spdoinfo><spref><horizsys><cordsysn><geogcsn Sync="TRUE">GCS_WGS_1984</geogcsn></cordsysn><geograph><geogunit Sync="TRUE">Decimal degrees</geogunit><latres Sync="TRUE">0.000000</latres><longres Sync="TRUE">0.000000</longres></geograph><geodetic><horizdn Sync="TRUE">D_WGS_1984</horizdn><ellips Sync="TRUE">WGS_1984</ellips><semiaxis Sync="TRUE">6378137.000000</semiaxis><denflat Sync="TRUE">298.257224</denflat></geodetic></horizsys></spref><refSysInfo><RefSystem><refSysID><identCode Sync="TRUE">GCS_WGS_1984</identCode></refSysID></RefSystem></refSysInfo><spatRepInfo><VectSpatRep><topLvl><TopoLevCd Sync="TRUE" value="001"></TopoLevCd></topLvl><geometObjs Name="CANnbh"><geoObjTyp><GeoObjTypCd Sync="TRUE" value="001"></GeoObjTypCd></geoObjTyp><geoObjCnt Sync="TRUE">4181</geoObjCnt></geometObjs></VectSpatRep></spatRepInfo><eainfo><detailed Name="CANnbh"><enttyp><enttypl Sync="TRUE">CANnbh</enttypl><enttypt Sync="TRUE">Feature Class</enttypt><enttypc Sync="TRUE">4181</enttypc></enttyp><attr><attrlabl Sync="TRUE">FID</attrlabl><attalias Sync="TRUE">FID</attalias><attrtype Sync="TRUE">OID</attrtype><attwidth Sync="TRUE">4</attwidth><atprecis Sync="TRUE">0</atprecis><attscale Sync="TRUE">0</attscale><attrdef Sync="TRUE">Internal feature number.</attrdef><attrdefs Sync="TRUE">ESRI</attrdefs><attrdomv><udom Sync="TRUE">Sequential unique whole numbers that are automatically generated.</udom></attrdomv></attr><attr><attrlabl Sync="TRUE">Shape</attrlabl><attalias Sync="TRUE">Shape</attalias><attrtype Sync="TRUE">Geometry</attrtype><attwidth Sync="TRUE">0</attwidth><atprecis Sync="TRUE">0</atprecis><attscale Sync="TRUE">0</attscale><attrdef Sync="TRUE">Feature geometry.</attrdef><attrdefs Sync="TRUE">ESRI</attrdefs><attrdomv><udom Sync="TRUE">Coordinates defining the features.</udom></attrdomv></attr><attr><attrlabl Sync="TRUE">NBHD_ID</attrlabl><attalias Sync="TRUE">NBHD_ID</attalias><attrtype Sync="TRUE">Number</attrtype><attwidth Sync="TRUE">19</attwidth><atnumdec Sync="TRUE">11</atnumdec></attr><attr><attrlabl Sync="TRUE">NAME</attrlabl><attalias Sync="TRUE">NAME</attalias><attrtype Sync="TRUE">String</attrtype><attwidth Sync="TRUE">70</attwidth></attr><attr><attrlabl Sync="TRUE">ALIAS</attrlabl><attalias Sync="TRUE">ALIAS</attalias><attrtype Sync="TRUE">String</attrtype><attwidth Sync="TRUE">70</attwidth></attr><attr><attrlabl Sync="TRUE">CPC_NAME</attrlabl><attalias Sync="TRUE">CPC_NAME</attalias><attrtype Sync="TRUE">String</attrtype><attwidth Sync="TRUE">70</attwidth></attr><attr><attrlabl Sync="TRUE">MAF</attrlabl><attalias Sync="TRUE">MAF</attalias><attrtype Sync="TRUE">String</attrtype><attwidth Sync="TRUE">70</attwidth></attr><attr><attrlabl Sync="TRUE">MAF_ID</attrlabl><attalias Sync="TRUE">MAF_ID</attalias><attrtype Sync="TRUE">Number</attrtype><attwidth Sync="TRUE">9</attwidth></attr><attr><attrlabl Sync="TRUE">PROV</attrlabl><attalias Sync="TRUE">PROV</attalias><attrtype Sync="TRUE">String</attrtype><attwidth Sync="TRUE">2</attwidth></attr><attr><attrlabl Sync="TRUE">COUNTRY</attrlabl><attalias Sync="TRUE">COUNTRY</attalias><attrtype Sync="TRUE">String</attrtype><attwidth Sync="TRUE">3</attwidth></attr><attr><attrlabl Sync="TRUE">LONGITUDE</attrlabl><attalias Sync="TRUE">LONGITUDE</attalias><attrtype Sync="TRUE">Number</attrtype><attwidth Sync="TRUE">19</attwidth><atnumdec Sync="TRUE">11</atnumdec></attr><attr><attrlabl Sync="TRUE">LATITUDE</attrlabl><attalias Sync="TRUE">LATITUDE</attalias><attrtype Sync="TRUE">Number</attrtype><attwidth Sync="TRUE">19</attwidth><atnumdec Sync="TRUE">11</atnumdec></attr><attr><attrlabl Sync="TRUE">PREC_CODE</attrlabl><attalias Sync="TRUE">PREC_CODE</attalias><attrtype Sync="TRUE">Number</attrtype><attwidth Sync="TRUE">4</attwidth></attr><attr><attrlabl Sync="TRUE">CONF_CODE</attrlabl><attalias Sync="TRUE">CONF_CODE</attalias><attrtype Sync="TRUE">Number</attrtype><attwidth Sync="TRUE">4</attwidth></attr></detailed></eainfo><mdDateSt Sync="TRUE">20111125</mdDateSt><mdContact><rpIndName>Rick Andrews</rpIndName><rpOrgName>DMTI Spatial Inc</rpOrgName><rpPosName>Manager</rpPosName><role><RoleCd value="007"></RoleCd></role><rpCntInfo><cntAddress><delPoint>15 Allstate Parkway</delPoint><city>Markham</city><adminArea>Ontario</adminArea><postCode>L3R 5B4</postCode><eMailAdd>randrews@dmtispatial.com</eMailAdd><country>ca</country></cntAddress><cntPhone><voiceNum>1-877-477-3684</voiceNum><faxNum>1-905-948-9404</faxNum></cntPhone></rpCntInfo></mdContact><dqInfo><dataLineage><statement>Neighbourhood boundaries data accuracy range from digitized municipal sourced neighbourhood boundaries.  Digitized neighbourhood boundaries created based on text descriptions will also be used.</statement></dataLineage></dqInfo><dataqual><posacc><horizpa><qhorizpa><horizpav>1:1000</horizpav><horizpae>The minimum scale at which the dataset was digitized or the best scale to view the data.</horizpae></qhorizpa><qhorizpa><horizpav>1:50000</horizpav><horizpae>The maximum scale at which the dataset was digitized or the best scale to view the data.</horizpae></qhorizpa></horizpa></posacc></dataqual></metadata>
